,LinearRegression,Ridge,Lasso,BayesianRidge
mse,225267.4214764707,217409.80836310398,220048.63454252356,391308.703580055
mae,423.11011981298293,416.6695452300614,419.0962409094359,488.24617686758245
rmse,474.6234523034768,466.2722470436172,469.0934177139172,625.5467237385669
mape,2.053441857622278,2.0210646878725558,1.9624287225657873,2.290615606661897
r2,-0.09666864856269708,-0.05841545643449364,-0.07126204526215596,-0.9050068772185211
