,LinearRegression,Ridge,Lasso
mse,127490.20469804163,125620.24130204022,119183.16221645912
mae,336.5514368399396,334.07164306640624,317.31345545334915
rmse,357.05770499744386,354.4294588518853,345.2291445061658
mape,1.307476314054222,1.2989388591753575,0.7330414961770539
r2,0.1069644911044263,0.1200630951651811,0.16515314902938416
