,LinearRegression,Ridge
mse,62520.02244493889,65773.98494356197
mae,189.29837380623673,205.07878714798107
rmse,250.040041683205,256.4643931300444
mape,0.1328392415810018,0.1431171849171301
r2,0.8472646672300252,0.8393152931637264
