,LinearRegression,Ridge,Lasso,BayesianRidge
mse,147751.47352196154,140194.46811125352,145002.1103201584,388675.17082018853
mae,273.04874906626645,269.4108907628921,270.9529035099316,483.88959021036163
rmse,384.3845386094003,374.42551744139115,380.7914262692352,623.4381852438848
mape,1.4192130452279828,1.3971690008167457,1.359733744398215,1.9184126189503405
r2,0.17833448686812792,0.22035999484119584,0.19362405977150532,-1.1614741028360638
