,LinearRegression,Ridge,Lasso
mse,147751.47352196154,137573.9,145002.1103201584
mae,273.04874906626645,265.6,270.9529035099316
rmse,384.3845386094003,370.90955770915366,380.7914262692352
mape,1.4192130452279828,1.399324848452403,1.359733744398215
r2,0.17833448686812792,0.23493332118782007,0.19362405977150532
