,LinearRegression,Ridge,Lasso,BayesianRidge
mse,127490.20469588204,129100.51752526867,126065.54680260403,209982.7378785272
mae,336.5514368366421,337.58614873799087,334.56122342283487,341.46487898959015
rmse,357.0577049944197,359.3056046393775,355.0571035799791,458.238734589872
mape,1.3074763140492078,1.3032893385630124,1.2499348748696022,1.6541077981124928
r2,0.10696449111955375,0.09568467130533043,0.11694384670800051,-0.47087410852291844
