,LinearRegression,Ridge,Lasso
mse,62512.503531694514,230420.5716104437,129833.80459757634
mae,189.2780050238757,435.356107169388,306.90670746958494
rmse,250.02500581280768,480.0214282825754,360.3245822832191
mape,0.13283768929516013,0.33387786984227863,0.21449477258579602
r2,0.8472830358049479,0.43708653155133537,0.6828182624619645
