,LinearRegression,Ridge
mse,147751.47352196154,140194.46811125352
mae,273.04874906626645,269.4108907628921
rmse,384.3845386094003,374.42551744139115
mape,1.4192130452279828,1.3971690008167457
r2,0.17833448686812792,0.22035999484119584
