,LinearRegression,Ridge
mse,127490.20469588204,129100.51752526867
mae,336.5514368366421,337.58614873799087
rmse,357.0577049944197,359.3056046393775
mape,1.3074763140492078,1.3032893385630124
r2,0.10696449111955375,0.09568467130533043
