,LinearRegression,Ridge,Lasso
mse,109385.45149941242,309571.66211848985,379503.8328947771
mae,304.49250230997774,479.7694916996208,551.1450168621843
rmse,330.73471468748545,556.3916445441016,616.0388241781334
mape,0.9554609511251412,0.6942836575741107,0.9446494739324887
r2,0.48787762870687956,-0.44935703529207727,-0.7767664726231476
