,LinearRegression,Ridge
mse,471690.418479706,466299.1179923156
mae,600.3751399372734,604.2449841342547
rmse,686.7972178741743,682.8609799895697
mape,0.9672266981438377,0.9940779636479252
r2,-0.82785752128788,-0.806965578693071
