,LinearRegression,Ridge
mse,109385.45149946315,112430.15336068715
mae,304.4925023099233,304.82739138702743
rmse,330.7347146875622,335.3060592364641
mape,0.9554609511221563,0.9168895891785651
r2,0.487877628706642,0.4736228999865344
